<?xml version="1.0"?>
<!--<!DOCTYPE metadata SYSTEM "http://www.esri.com/metadata/esriprof80.dtd">-->
<metadata xml:lang="en"><Esri><CreaDate>20230225</CreaDate><CreaTime>09562300</CreaTime><SyncOnce>FALSE</SyncOnce><SyncDate>20100618</SyncDate><SyncTime>14294300</SyncTime><ModDate>20100618</ModDate><ModTime>14294300</ModTime><DataProperties><lineage><Process ToolSource="C:\Program Files\ArcGIS\ArcToolbox\Toolboxes\Data Management Tools.tbx\CopyFeatures" Date="20100618" Time="142948">CopyFeatures "C:\Documents and Settings\Administrator\Desktop\modeltown\MFT_Plots.shp" F:\punjab-database\Punjab_LahoreDetailed.gdb\MFT_Plots # 0 0 0</Process><Process ToolSource="C:\Program Files\ArcGIS\ArcToolbox\Toolboxes\Data Management Tools.tbx\Append" Date="20100618" Time="150742">Append F:\punjab-database\Punjab_LahoreDetailed.gdb\District_Chiniot_L_U F:\punjab-database\Punjab_LahoreDetailed.gdb\MFT_Plots NO_TEST "ID 'ID' true true false 50 Text 0 0 ,First,#,F:\punjab-database\Punjab_LahoreDetailed.gdb\District_Chiniot_L_U,ID,-1,-1;UCS_ID 'UCS_ID' true true false 50 Text 0 0 ,First,#;H_S_ID 'H_S_ID' true true false 50 Text 0 0 ,First,#;TOWN_ID 'TOWN_ID' true true false 50 Text 0 0 ,First,#;HOUSE_NO 'HOUSE_NO' true true false 100 Text 0 0 ,First,#;BLOCK_ 'BLOCK_' true true false 100 Text 0 0 ,First,#;ADDRESS 'ADDRESS' true true false 100 Text 0 0 ,First,#;AUTHORITY 'AUTHORITY' true true false 50 Text 0 0 ,First,#;CAPTURE_DA 'CAPTURE_DA' true true false 8 Date 0 0 ,First,#;Shape_Leng 'Shape_Leng' true true false 8 Double 0 0 ,First,#;REFNO1 'REFNO1' true true false 100 Text 0 0 ,First,#;REFNO2 'REFNO2' true true false 100 Text 0 0 ,First,#;REFNO3 'REFNO3' true true false 100 Text 0 0 ,First,#;REFNO4 'REFNO4' true true false 100 Text 0 0 ,First,#;REFNO5 'REFNO5' true true false 100 Text 0 0 ,First,#;REFNO6 'REFNO6' true true false 100 Text 0 0 ,First,#;REFNO8 'REFNO8' true true false 100 Text 0 0 ,First,#;REFNO9 'REFNO9' true true false 100 Text 0 0 ,First,#;REFNO7 'REFNO7' true true false 50 Text 0 0 ,First,#;REFNO10 'REFNO10' true true false 100 Text 0 0 ,First,#;RENO9 'RENO9' true true false 100 Text 0 0 ,First,#;REFNO11 'REFNO11' true true false 100 Text 0 0 ,First,#;path1 'path1' true true false 100 Text 0 0 ,First,#;path2 'path2' true true false 100 Text 0 0 ,First,#;path3 'path3' true true false 100 Text 0 0 ,First,#;path4 'path4' true true false 100 Text 0 0 ,First,#;path5 'path5' true true false 100 Text 0 0 ,First,#;path6 'path6' true true false 100 Text 0 0 ,First,#;path7 'path7' true true false 100 Text 0 0 ,First,#;path8 'path8' true true false 100 Text 0 0 ,First,#;path9 'path9' true true false 100 Text 0 0 ,First,#;REFNO12 'REFNO12' true true false 100 Text 0 0 ,First,#;REFNO13 'REFNO13' true true false 100 Text 0 0 ,First,#;REFNO14 'REFNO14' true true false 100 Text 0 0 ,First,#;REFNO15 'REFNO15' true true false 50 Text 0 0 ,First,#;REFNO16 'REFNO16' true true false 100 Text 0 0 ,First,#;REFNO17 'REFNO17' true true false 100 Text 0 0 ,First,#;REFNO18 'REFNO18' true true false 100 Text 0 0 ,First,#;REFNO19 'REFNO19' true true false 100 Text 0 0 ,First,#;REFNO20 'REFNO20' true true false 50 Text 0 0 ,First,#;REFNO21 'REFNO21' true true false 100 Text 0 0 ,First,#;REFNO22 'REFNO22' true true false 100 Text 0 0 ,First,#;REFNO23 'REFNO23' true true false 100 Text 0 0 ,First,#;REFNO24 'REFNO24' true true false 100 Text 0 0 ,First,#;REFNO25 'REFNO25' true true false 100 Text 0 0 ,First,#;REFNO28 'REFNO28' true true false 100 Text 0 0 ,First,#;REFNO27 'REFNO27' true true false 100 Text 0 0 ,First,#;REFNO26 'REFNO26' true true false 100 Text 0 0 ,First,#;REFNO29 'REFNO29' true true false 100 Text 0 0 ,First,#;REFNO30 'REFNO30' true true false 100 Text 0 0 ,First,#;REFNO31 'REFNO31' true true false 100 Text 0 0 ,First,#;REFNO32 'REFNO32' true true false 100 Text 0 0 ,First,#;REFNO33 'REFNO33' true true false 100 Text 0 0 ,First,#;REFNO34 'REFNO34' true true false 100 Text 0 0 ,First,#;REFNO35 'REFNO35' true true false 100 Text 0 0 ,First,#;REFNO36 'REFNO36' true true false 100 Text 0 0 ,First,#;REFNO37 'REFNO37' true true false 100 Text 0 0 ,First,#;REFNO38 'REFNO38' true true false 100 Text 0 0 ,First,#;REFNO39 'REFNO39' true true false 100 Text 0 0 ,First,#;REFNO40 'REFNO40' true true false 100 Text 0 0 ,First,#;REFNO41 'REFNO41' true true false 100 Text 0 0 ,First,#;REFNO42 'REFNO42' true true false 100 Text 0 0 ,First,#;REFNO43 'REFNO43' true true false 100 Text 0 0 ,First,#;REFNO44 'REFNO44' true true false 100 Text 0 0 ,First,#;REFNO45 'REFNO45' true true false 100 Text 0 0 ,First,#;REFNO46 'REFNO46' true true false 100 Text 0 0 ,First,#;REFNO47 'REFNO47' true true false 100 Text 0 0 ,First,#;REFNO48 'REFNO48' true true false 100 Text 0 0 ,First,#;REFNO49 'REFNO49' true true false 100 Text 0 0 ,First,#;REFNO50 'REFNO50' true true false 100 Text 0 0 ,First,#;REFNO51 'REFNO51' true true false 100 Text 0 0 ,First,#;REFNO52 'REFNO52' true true false 100 Text 0 0 ,First,#;REFNO53 'REFNO53' true true false 100 Text 0 0 ,First,#;REFNO54 'REFNO54' true true false 100 Text 0 0 ,First,#;REFNO55 'REFNO55' true true false 100 Text 0 0 ,First,#;REFNO56 'REFNO56' true true false 100 Text 0 0 ,First,#;REFNO57 'REFNO57' true true false 100 Text 0 0 ,First,#;REFNO58 'REFNO58' true true false 100 Text 0 0 ,First,#;REFNO59 'REFNO59' true true false 100 Text 0 0 ,First,#;REFNO60 'REFNO60' true true false 100 Text 0 0 ,First,#;REFNO61 'REFNO61' true true false 100 Text 0 0 ,First,#;REFNO62 'REFNO62' true true false 100 Text 0 0 ,First,#;REFNO63 'REFNO63' true true false 100 Text 0 0 ,First,#;REFNO64 'REFNO64' true true false 100 Text 0 0 ,First,#;REFNO65 'REFNO65' true true false 100 Text 0 0 ,First,#;REFNO66 'REFNO66' true true false 100 Text 0 0 ,First,#;REFNO67 'REFNO67' true true false 100 Text 0 0 ,First,#;REFNO68 'REFNO68' true true false 100 Text 0 0 ,First,#;REFNO69 'REFNO69' true true false 100 Text 0 0 ,First,#;REFNO70 'REFNO70' true true false 100 Text 0 0 ,First,#;REFNO71 'REFNO71' true true false 100 Text 0 0 ,First,#;REFNO72 'REFNO72' true true false 100 Text 0 0 ,First,#;REFNO73 'REFNO73' true true false 100 Text 0 0 ,First,#;REFNO74 'REFNO74' true true false 100 Text 0 0 ,First,#;REFNO75 'REFNO75' true true false 100 Text 0 0 ,First,#;REFNO76 'REFNO76' true true false 100 Text 0 0 ,First,#;REFNO77 'REFNO77' true true false 100 Text 0 0 ,First,#;REFNO78 'REFNO78' true true false 100 Text 0 0 ,First,#;REFNO79 'REFNO79' true true false 100 Text 0 0 ,First,#;REFNO80 'REFNO80' true true false 100 Text 0 0 ,First,#;REFNO81 'REFNO81' true true false 100 Text 0 0 ,First,#;REFNO82 'REFNO82' true true false 100 Text 0 0 ,First,#;REFNO83 'REFNO83' true true false 100 Text 0 0 ,First,#;REFNO84 'REFNO84' true true false 100 Text 0 0 ,First,#;REFNO86 'REFNO86' true true false 100 Text 0 0 ,First,#;REFNO85 'REFNO85' true true false 100 Text 0 0 ,First,#;REFNO87 'REFNO87' true true false 100 Text 0 0 ,First,#;REFNO88 'REFNO88' true true false 100 Text 0 0 ,First,#;REFNO89 'REFNO89' true true false 90 Text 0 0 ,First,#;REFNO90 'REFNO90' true true false 100 Text 0 0 ,First,#;REFNO91 'REFNO91' true true false 100 Text 0 0 ,First,#;REFNO92 'REFNO92' true true false 100 Text 0 0 ,First,#;REFNO93 'REFNO93' true true false 100 Text 0 0 ,First,#;REFNO94 'REFNO94' true true false 100 Text 0 0 ,First,#;REFNO95 'REFNO95' true true false 100 Text 0 0 ,First,#;REFNO96 'REFNO96' true true false 100 Text 0 0 ,First,#;REFNO97 'REFNO97' true true false 100 Text 0 0 ,First,#;REFNO98 'REFNO98' true true false 100 Text 0 0 ,First,#;REFNO99 'REFNO99' true true false 100 Text 0 0 ,First,#;REFNO100 'REFNO100' true true false 100 Text 0 0 ,First,#;REFNO101 'REFNO101' true true false 100 Text 0 0 ,First,#;REFNO102 'REFNO102' true true false 100 Text 0 0 ,First,#;REFNO103 'REFNO103' true true false 100 Text 0 0 ,First,#;path10 'path10' true true false 100 Text 0 0 ,First,#;path11 'path11' true true false 100 Text 0 0 ,First,#;Shape_Length 'Shape_Length' false true true 8 Double 0 0 ,First,#,F:\punjab-database\Punjab_LahoreDetailed.gdb\District_Chiniot_L_U,Shape_Length,-1,-1;Shape_Area 'Shape_Area' false true true 8 Double 0 0 ,First,#,F:\punjab-database\Punjab_LahoreDetailed.gdb\District_Chiniot_L_U,Shape_Area,-1,-1;District 'District' true true false 50 Text 0 0 ,First,#,F:\punjab-database\Punjab_LahoreDetailed.gdb\District_Chiniot_L_U,District,-1,-1;Tehsil 'Tehsil' true true false 50 Text 0 0 ,First,#,F:\punjab-database\Punjab_LahoreDetailed.gdb\District_Chiniot_L_U,Tehsil,-1,-1;City 'City' true true false 50 Text 0 0 ,First,#,F:\punjab-database\Punjab_LahoreDetailed.gdb\District_Chiniot_L_U,City,-1,-1;Storey 'Storey' true true false 50 Text 0 0 ,First,#,F:\punjab-database\Punjab_LahoreDetailed.gdb\District_Chiniot_L_U,Storey,-1,-1;P_Size 'P_Size' true true false 50 Text 0 0 ,First,#,F:\punjab-database\Punjab_LahoreDetailed.gdb\District_Chiniot_L_U,P_Size,-1,-1;Landuse 'Landuse' true true false 50 Text 0 0 ,First,#,F:\punjab-database\Punjab_LahoreDetailed.gdb\District_Chiniot_L_U,Landuse,-1,-1" # F:\punjab-database\Punjab_LahoreDetailed.gdb\MFT_Plots</Process><Process ToolSource="C:\Program Files\ArcGIS\ArcToolbox\Toolboxes\Data Management Tools.tbx\Append" Date="20100702" Time="110614">Append Landuse_Bwlngr PUNJAB_PARCEL NO_TEST "ID 'ID' true true false 50 Text 0 0 ,First,#;UCS_ID 'UCS_ID' true true false 50 Text 0 0 ,First,#;H_S_ID 'H_S_ID' true true false 50 Text 0 0 ,First,#;TOWN_ID 'TOWN_ID' true true false 50 Text 0 0 ,First,#;HOUSE_NO 'HOUSE_NO' true true false 100 Text 0 0 ,First,#;BLOCK_ 'BLOCK_' true true false 100 Text 0 0 ,First,#;ADDRESS 'ADDRESS' true true false 100 Text 0 0 ,First,#;AUTHORITY 'AUTHORITY' true true false 50 Text 0 0 ,First,#;CAPTURE_DA 'CAPTURE_DA' true true false 8 Date 0 0 ,First,#;Shape_Leng 'Shape_Leng' true true false 8 Double 0 0 ,First,#,D:\Punjab-Districts\Bhawalnager\Bhawalnager-UTM43NWGS84\Database\BhawalnagarUTM43NWGS84.mdb\Bhawalnagar\Landuse_Bwlngr,SHAPE_Leng,-1,-1;REFNO1 'REFNO1' true true false 100 Text 0 0 ,First,#;REFNO2 'REFNO2' true true false 100 Text 0 0 ,First,#;REFNO3 'REFNO3' true true false 100 Text 0 0 ,First,#;REFNO4 'REFNO4' true true false 100 Text 0 0 ,First,#;REFNO5 'REFNO5' true true false 100 Text 0 0 ,First,#;REFNO6 'REFNO6' true true false 100 Text 0 0 ,First,#;REFNO8 'REFNO8' true true false 100 Text 0 0 ,First,#;REFNO9 'REFNO9' true true false 100 Text 0 0 ,First,#;REFNO7 'REFNO7' true true false 50 Text 0 0 ,First,#;REFNO10 'REFNO10' true true false 100 Text 0 0 ,First,#;RENO9 'RENO9' true true false 100 Text 0 0 ,First,#;REFNO11 'REFNO11' true true false 100 Text 0 0 ,First,#;path1 'path1' true true false 100 Text 0 0 ,First,#;path2 'path2' true true false 100 Text 0 0 ,First,#;path3 'path3' true true false 100 Text 0 0 ,First,#;path4 'path4' true true false 100 Text 0 0 ,First,#;path5 'path5' true true false 100 Text 0 0 ,First,#;path6 'path6' true true false 100 Text 0 0 ,First,#;path7 'path7' true true false 100 Text 0 0 ,First,#;path8 'path8' true true false 100 Text 0 0 ,First,#;path9 'path9' true true false 100 Text 0 0 ,First,#;REFNO12 'REFNO12' true true false 100 Text 0 0 ,First,#;REFNO13 'REFNO13' true true false 100 Text 0 0 ,First,#;REFNO14 'REFNO14' true true false 100 Text 0 0 ,First,#;REFNO15 'REFNO15' true true false 50 Text 0 0 ,First,#;REFNO16 'REFNO16' true true false 100 Text 0 0 ,First,#;REFNO17 'REFNO17' true true false 100 Text 0 0 ,First,#;REFNO18 'REFNO18' true true false 100 Text 0 0 ,First,#;REFNO19 'REFNO19' true true false 100 Text 0 0 ,First,#;REFNO20 'REFNO20' true true false 50 Text 0 0 ,First,#;REFNO21 'REFNO21' true true false 100 Text 0 0 ,First,#;REFNO22 'REFNO22' true true false 100 Text 0 0 ,First,#;REFNO23 'REFNO23' true true false 100 Text 0 0 ,First,#;REFNO24 'REFNO24' true true false 100 Text 0 0 ,First,#;REFNO25 'REFNO25' true true false 100 Text 0 0 ,First,#;REFNO28 'REFNO28' true true false 100 Text 0 0 ,First,#;REFNO27 'REFNO27' true true false 100 Text 0 0 ,First,#;REFNO26 'REFNO26' true true false 100 Text 0 0 ,First,#;REFNO29 'REFNO29' true true false 100 Text 0 0 ,First,#;REFNO30 'REFNO30' true true false 100 Text 0 0 ,First,#;REFNO31 'REFNO31' true true false 100 Text 0 0 ,First,#;REFNO32 'REFNO32' true true false 100 Text 0 0 ,First,#;REFNO33 'REFNO33' true true false 100 Text 0 0 ,First,#;REFNO34 'REFNO34' true true false 100 Text 0 0 ,First,#;REFNO35 'REFNO35' true true false 100 Text 0 0 ,First,#;REFNO36 'REFNO36' true true false 100 Text 0 0 ,First,#;REFNO37 'REFNO37' true true false 100 Text 0 0 ,First,#;REFNO38 'REFNO38' true true false 100 Text 0 0 ,First,#;REFNO39 'REFNO39' true true false 100 Text 0 0 ,First,#;REFNO40 'REFNO40' true true false 100 Text 0 0 ,First,#;REFNO41 'REFNO41' true true false 100 Text 0 0 ,First,#;REFNO42 'REFNO42' true true false 100 Text 0 0 ,First,#;REFNO43 'REFNO43' true true false 100 Text 0 0 ,First,#;REFNO44 'REFNO44' true true false 100 Text 0 0 ,First,#;REFNO45 'REFNO45' true true false 100 Text 0 0 ,First,#;REFNO46 'REFNO46' true true false 100 Text 0 0 ,First,#;REFNO47 'REFNO47' true true false 100 Text 0 0 ,First,#;REFNO48 'REFNO48' true true false 100 Text 0 0 ,First,#;REFNO49 'REFNO49' true true false 100 Text 0 0 ,First,#;REFNO50 'REFNO50' true true false 100 Text 0 0 ,First,#;REFNO51 'REFNO51' true true false 100 Text 0 0 ,First,#;REFNO52 'REFNO52' true true false 100 Text 0 0 ,First,#;REFNO53 'REFNO53' true true false 100 Text 0 0 ,First,#;REFNO54 'REFNO54' true true false 100 Text 0 0 ,First,#;REFNO55 'REFNO55' true true false 100 Text 0 0 ,First,#;REFNO56 'REFNO56' true true false 100 Text 0 0 ,First,#;REFNO57 'REFNO57' true true false 100 Text 0 0 ,First,#;REFNO58 'REFNO58' true true false 100 Text 0 0 ,First,#;REFNO59 'REFNO59' true true false 100 Text 0 0 ,First,#;REFNO60 'REFNO60' true true false 100 Text 0 0 ,First,#;REFNO61 'REFNO61' true true false 100 Text 0 0 ,First,#;REFNO62 'REFNO62' true true false 100 Text 0 0 ,First,#;REFNO63 'REFNO63' true true false 100 Text 0 0 ,First,#;REFNO64 'REFNO64' true true false 100 Text 0 0 ,First,#;REFNO65 'REFNO65' true true false 100 Text 0 0 ,First,#;REFNO66 'REFNO66' true true false 100 Text 0 0 ,First,#;REFNO67 'REFNO67' true true false 100 Text 0 0 ,First,#;REFNO68 'REFNO68' true true false 100 Text 0 0 ,First,#;REFNO69 'REFNO69' true true false 100 Text 0 0 ,First,#;REFNO70 'REFNO70' true true false 100 Text 0 0 ,First,#;REFNO71 'REFNO71' true true false 100 Text 0 0 ,First,#;REFNO72 'REFNO72' true true false 100 Text 0 0 ,First,#;REFNO73 'REFNO73' true true false 100 Text 0 0 ,First,#;REFNO74 'REFNO74' true true false 100 Text 0 0 ,First,#;REFNO75 'REFNO75' true true false 100 Text 0 0 ,First,#;REFNO76 'REFNO76' true true false 100 Text 0 0 ,First,#;REFNO77 'REFNO77' true true false 100 Text 0 0 ,First,#;REFNO78 'REFNO78' true true false 100 Text 0 0 ,First,#;REFNO79 'REFNO79' true true false 100 Text 0 0 ,First,#;REFNO80 'REFNO80' true true false 100 Text 0 0 ,First,#;REFNO81 'REFNO81' true true false 100 Text 0 0 ,First,#;REFNO82 'REFNO82' true true false 100 Text 0 0 ,First,#;REFNO83 'REFNO83' true true false 100 Text 0 0 ,First,#;REFNO84 'REFNO84' true true false 100 Text 0 0 ,First,#;REFNO86 'REFNO86' true true false 100 Text 0 0 ,First,#;REFNO85 'REFNO85' true true false 100 Text 0 0 ,First,#;REFNO87 'REFNO87' true true false 100 Text 0 0 ,First,#;REFNO88 'REFNO88' true true false 100 Text 0 0 ,First,#;REFNO89 'REFNO89' true true false 90 Text 0 0 ,First,#;REFNO90 'REFNO90' true true false 100 Text 0 0 ,First,#;REFNO91 'REFNO91' true true false 100 Text 0 0 ,First,#;REFNO92 'REFNO92' true true false 100 Text 0 0 ,First,#;REFNO93 'REFNO93' true true false 100 Text 0 0 ,First,#;REFNO94 'REFNO94' true true false 100 Text 0 0 ,First,#;REFNO95 'REFNO95' true true false 100 Text 0 0 ,First,#;REFNO96 'REFNO96' true true false 100 Text 0 0 ,First,#;REFNO97 'REFNO97' true true false 100 Text 0 0 ,First,#;REFNO98 'REFNO98' true true false 100 Text 0 0 ,First,#;REFNO99 'REFNO99' true true false 100 Text 0 0 ,First,#;REFNO100 'REFNO100' true true false 100 Text 0 0 ,First,#;REFNO101 'REFNO101' true true false 100 Text 0 0 ,First,#;REFNO102 'REFNO102' true true false 100 Text 0 0 ,First,#;REFNO103 'REFNO103' true true false 100 Text 0 0 ,First,#;path10 'path10' true true false 100 Text 0 0 ,First,#;path11 'path11' true true false 100 Text 0 0 ,First,#;Shape_Length 'Shape_Length' false true true 8 Double 0 0 ,First,#,D:\Punjab-Districts\Bhawalnager\Bhawalnager-UTM43NWGS84\Database\BhawalnagarUTM43NWGS84.mdb\Bhawalnagar\Landuse_Bwlngr,Shape_Length,-1,-1;Shape_Area 'Shape_Area' false true true 8 Double 0 0 ,First,#,D:\Punjab-Districts\Bhawalnager\Bhawalnager-UTM43NWGS84\Database\BhawalnagarUTM43NWGS84.mdb\Bhawalnagar\Landuse_Bwlngr,Shape_Area,-1,-1;District 'District' true true false 50 Text 0 0 ,First,#,D:\Punjab-Districts\Bhawalnager\Bhawalnager-UTM43NWGS84\Database\BhawalnagarUTM43NWGS84.mdb\Bhawalnagar\Landuse_Bwlngr,District,-1,-1;Tehsil 'Tehsil' true true false 50 Text 0 0 ,First,#,D:\Punjab-Districts\Bhawalnager\Bhawalnager-UTM43NWGS84\Database\BhawalnagarUTM43NWGS84.mdb\Bhawalnagar\Landuse_Bwlngr,Tehsil,-1,-1;City 'City' true true false 50 Text 0 0 ,First,#,D:\Punjab-Districts\Bhawalnager\Bhawalnager-UTM43NWGS84\Database\BhawalnagarUTM43NWGS84.mdb\Bhawalnagar\Landuse_Bwlngr,City,-1,-1;Storey 'Storey' true true false 50 Text 0 0 ,First,#,D:\Punjab-Districts\Bhawalnager\Bhawalnager-UTM43NWGS84\Database\BhawalnagarUTM43NWGS84.mdb\Bhawalnagar\Landuse_Bwlngr,Storey,-1,-1;P_Size 'P_Size' true true false 50 Text 0 0 ,First,#,D:\Punjab-Districts\Bhawalnager\Bhawalnager-UTM43NWGS84\Database\BhawalnagarUTM43NWGS84.mdb\Bhawalnagar\Landuse_Bwlngr,P_Size,-1,-1;Landuse 'Landuse' true true false 50 Text 0 0 ,First,#,D:\Punjab-Districts\Bhawalnager\Bhawalnager-UTM43NWGS84\Database\BhawalnagarUTM43NWGS84.mdb\Bhawalnagar\Landuse_Bwlngr,landuse,-1,-1;Tax_Challan 'Tax_Challan' true true false 150 Text 0 0 ,First,#;Manage_Unit 'Manage_Unit' true true false 150 Text 0 0 ,First,#;Name 'Name' true true false 50 Text 0 0 ,First,#,D:\Punjab-Districts\Bhawalnager\Bhawalnager-UTM43NWGS84\Database\BhawalnagarUTM43NWGS84.mdb\Bhawalnagar\Landuse_Bwlngr,Name,-1,-1" # PUNJAB_PARCEL</Process></lineage></DataProperties><ArcGISFormat>1.0</ArcGISFormat></Esri><idinfo><citation><citeinfo><onlink Sync="TRUE"></onlink><origin>REQUIRED: The name of an organization or individual that developed the data set.</origin><pubdate>REQUIRED: The date when the data set is published or otherwise made available for release.</pubdate><title Sync="TRUE">MFT_Plots</title><ftname Sync="TRUE">MFT_Plots</ftname><geoform Sync="TRUE">vector digital data</geoform></citeinfo></citation><native Sync="TRUE">Microsoft Windows 2000 Version 5.2 (Build 3790) Service Pack 2, v.2845; ESRI ArcCatalog 9.3.0.1770</native><descript><langdata Sync="TRUE">en</langdata><abstract>REQUIRED: A brief narrative summary of the data set.</abstract><purpose>REQUIRED: A summary of the intentions with which the data set was developed.</purpose></descript><timeperd><current>REQUIRED: The basis on which the time period of content information is determined.</current><timeinfo><sngdate><caldate>REQUIRED: The year (and optionally month, or month and day) for which the data set corresponds to the ground.</caldate></sngdate></timeinfo></timeperd><status><progress>REQUIRED: The state of the data set.</progress><update>REQUIRED: The frequency with which changes and additions are made to the data set after the initial data set is completed.</update></status><spdom><bounding><westbc Sync="TRUE">REQUIRED: Western-most coordinate of the limit of coverage expressed in longitude.</westbc><eastbc Sync="TRUE">REQUIRED: Eastern-most coordinate of the limit of coverage expressed in longitude.</eastbc><northbc Sync="TRUE">REQUIRED: Northern-most coordinate of the limit of coverage expressed in latitude.</northbc><southbc Sync="TRUE">REQUIRED: Southern-most coordinate of the limit of coverage expressed in latitude.</southbc></bounding></spdom><keywords><theme><themekt>REQUIRED: Reference to a formally registered thesaurus or a similar authoritative source of theme keywords.</themekt><themekey>REQUIRED: Common-use word or phrase used to describe the subject of the data set.</themekey></theme></keywords><accconst>REQUIRED: Restrictions and legal prerequisites for accessing the data set.</accconst><useconst>REQUIRED: Restrictions and legal prerequisites for using the data set after access is granted.</useconst><natvform Sync="TRUE">File Geodatabase Feature Class</natvform></idinfo><distInfo><distributor><distorTran><onLineSrc><linkage Sync="TRUE">file://</linkage><protocol Sync="TRUE">Local Area Network</protocol><orDesc Sync="TRUE">002</orDesc></onLineSrc></distorTran><distorFormat><formatName Sync="TRUE">File Geodatabase Feature Class</formatName></distorFormat></distributor></distInfo><dataqual><lineage><procstep><procdesc Sync="TRUE">Dataset moved.</procdesc><srcused Sync="TRUE">D:\modeltown_new\MFT_Plots</srcused><procdate Sync="TRUE">20100521</procdate><proctime Sync="TRUE">09541400</proctime></procstep><procstep><procdesc Sync="TRUE">Dataset copied.</procdesc><srcused Sync="TRUE">\\UISDB\For Web Shared Data\punjab-database\Punjab_LahoreDetailed.gdb</srcused><procdate Sync="TRUE">20100930</procdate><proctime Sync="TRUE">10372000</proctime></procstep><procstep><procdesc Sync="TRUE">Dataset copied.</procdesc><srcused Sync="TRUE"></srcused><procdate Sync="TRUE">20100930</procdate><proctime Sync="TRUE">10385200</proctime></procstep><procstep><procdesc Sync="TRUE">Dataset copied.</procdesc><srcused Sync="TRUE"></srcused><date Sync="TRUE">20101001</date><time Sync="TRUE">09292600</time></procstep><procstep><procdesc Sync="TRUE">Dataset copied.</procdesc><srcused Sync="TRUE"></srcused><date Sync="TRUE">20101001</date><time Sync="TRUE">15555700</time></procstep></lineage></dataqual><dataIdInfo><envirDesc Sync="TRUE">Microsoft Windows 2000 Version 5.2 (Build 3790) Service Pack 2, v.2845; ESRI ArcCatalog 9.3.0.1770</envirDesc><dataLang><languageCode Sync="TRUE" value="en"></languageCode></dataLang><idCitation><resTitle Sync="TRUE">MFT_Plots</resTitle></idCitation></dataIdInfo><metainfo><langmeta Sync="TRUE">en</langmeta><metstdn Sync="TRUE">FGDC Content Standards for Digital Geospatial Metadata</metstdn><metstdv Sync="TRUE">FGDC-STD-001-1998</metstdv><mettc Sync="TRUE">local time</mettc><metextns><onlink Sync="TRUE">http://www.esri.com/metadata/esriprof80.html</onlink><metprof Sync="TRUE">ESRI Metadata Profile</metprof></metextns><metc><cntinfo><cntorgp><cntper>REQUIRED: The person responsible for the metadata information.</cntper><cntorg>REQUIRED: The organization responsible for the metadata information.</cntorg></cntorgp><cntaddr><addrtype>REQUIRED: The mailing and/or physical address for the organization or individual.</addrtype><city>REQUIRED: The city of the address.</city><state>REQUIRED: The state or province of the address.</state><postal>REQUIRED: The ZIP or other postal code of the address.</postal></cntaddr><cntvoice>REQUIRED: The telephone number by which individuals can speak to the organization or individual.</cntvoice></cntinfo></metc><metd Sync="TRUE">20100618</metd></metainfo><mdLang><languageCode Sync="TRUE" value="en"></languageCode></mdLang><mdStanName Sync="TRUE">ISO 19115 Geographic Information - Metadata</mdStanName><mdStanVer Sync="TRUE">DIS_ESRI1.0</mdStanVer><mdChar><CharSetCd Sync="TRUE" value="004"></CharSetCd></mdChar><mdHrLv><ScopeCd Sync="TRUE" value="005"></ScopeCd></mdHrLv><mdHrLvName Sync="TRUE">dataset</mdHrLvName><distinfo><resdesc Sync="TRUE">Downloadable Data</resdesc></distinfo><spdoinfo><direct Sync="TRUE">Vector</direct><ptvctinf><esriterm Name="MFT_Plots"><efeatyp Sync="TRUE">Simple</efeatyp><efeageom Sync="TRUE">Polygon</efeageom><esritopo Sync="TRUE">FALSE</esritopo><efeacnt Sync="TRUE">0</efeacnt><spindex Sync="TRUE">TRUE</spindex><linrefer Sync="TRUE">FALSE</linrefer></esriterm><sdtsterm Name="MFT_Plots"><sdtstype Sync="TRUE">G-polygon</sdtstype><ptvctcnt Sync="TRUE">0</ptvctcnt></sdtsterm></ptvctinf></spdoinfo><spref><horizsys><cordsysn><geogcsn Sync="TRUE">GCS_WGS_1984</geogcsn><projcsn Sync="TRUE">WGS_1984_UTM_Zone_43N</projcsn></cordsysn><planar><gridsys><gridsysn Sync="TRUE">Universal Transverse Mercator</gridsysn><utm><utmzone Sync="TRUE">43</utmzone><transmer><sfctrmer Sync="TRUE">0.999600</sfctrmer><longcm Sync="TRUE">75.000000</longcm><latprjo Sync="TRUE">0.000000</latprjo><feast Sync="TRUE">500000.000000</feast><fnorth Sync="TRUE">0.000000</fnorth></transmer></utm></gridsys><planci><plance Sync="TRUE">coordinate pair</plance><plandu Sync="TRUE">meters</plandu><coordrep><absres Sync="TRUE">0.000100</absres><ordres Sync="TRUE">0.000100</ordres></coordrep></planci></planar><geodetic><horizdn Sync="TRUE">D_WGS_1984</horizdn><ellips Sync="TRUE">WGS_1984</ellips><semiaxis Sync="TRUE">6378137.000000</semiaxis><denflat Sync="TRUE">298.257224</denflat></geodetic></horizsys></spref><refSysInfo><RefSystem><refSysID><identCode Sync="TRUE">WGS_1984_UTM_Zone_43N</identCode></refSysID></RefSystem></refSysInfo><spatRepInfo><VectSpatRep><topLvl><TopoLevCd Sync="TRUE" value="001"></TopoLevCd></topLvl><geometObjs Name="MFT_Plots"><geoObjTyp><GeoObjTypCd Sync="TRUE" value="001"></GeoObjTypCd></geoObjTyp><geoObjCnt Sync="TRUE">0</geoObjCnt></geometObjs></VectSpatRep></spatRepInfo><eainfo><detailed Name="MFT_Plots"><enttyp><enttypl Sync="TRUE">MFT_Plots</enttypl><enttypt Sync="TRUE">Feature Class</enttypt><enttypc Sync="TRUE">0</enttypc></enttyp><attr><attrlabl Sync="TRUE">OBJECTID</attrlabl><attalias Sync="TRUE">OBJECTID</attalias><attrtype Sync="TRUE">OID</attrtype><attwidth Sync="TRUE">4</attwidth><atprecis Sync="TRUE">0</atprecis><attscale Sync="TRUE">0</attscale><attrdef Sync="TRUE">Internal feature number.</attrdef><attrdefs Sync="TRUE">ESRI</attrdefs><attrdomv><udom Sync="TRUE">Sequential unique whole numbers that are automatically generated.</udom></attrdomv></attr><attr><attrlabl Sync="TRUE">Shape</attrlabl><attalias Sync="TRUE">Shape</attalias><attrtype Sync="TRUE">Geometry</attrtype><attwidth Sync="TRUE">0</attwidth><atprecis Sync="TRUE">0</atprecis><attscale Sync="TRUE">0</attscale><attrdef Sync="TRUE">Feature geometry.</attrdef><attrdefs Sync="TRUE">ESRI</attrdefs><attrdomv><udom Sync="TRUE">Coordinates defining the features.</udom></attrdomv></attr><attr><attrlabl Sync="TRUE">Object_ID</attrlabl><attalias Sync="TRUE">Object_ID</attalias><attrtype Sync="TRUE">Integer</attrtype><attwidth Sync="TRUE">4</attwidth><atprecis Sync="TRUE">0</atprecis><attscale Sync="TRUE">0</attscale></attr><attr><attrlabl Sync="TRUE">AREA</attrlabl><attalias Sync="TRUE">AREA</attalias><attrtype Sync="TRUE">Double</attrtype><attwidth Sync="TRUE">8</attwidth><atprecis Sync="TRUE">0</atprecis><attscale Sync="TRUE">0</attscale></attr><attr><attrlabl Sync="TRUE">ID</attrlabl><attalias Sync="TRUE">ID</attalias><attrtype Sync="TRUE">String</attrtype><attwidth Sync="TRUE">50</attwidth><atprecis Sync="TRUE">0</atprecis><attscale Sync="TRUE">0</attscale></attr><attr><attrlabl Sync="TRUE">UCS_ID</attrlabl><attalias Sync="TRUE">UCS_ID</attalias><attrtype Sync="TRUE">String</attrtype><attwidth Sync="TRUE">50</attwidth><atprecis Sync="TRUE">0</atprecis><attscale Sync="TRUE">0</attscale></attr><attr><attrlabl Sync="TRUE">H_S_ID</attrlabl><attalias Sync="TRUE">H_S_ID</attalias><attrtype Sync="TRUE">String</attrtype><attwidth Sync="TRUE">50</attwidth><atprecis Sync="TRUE">0</atprecis><attscale Sync="TRUE">0</attscale></attr><attr><attrlabl Sync="TRUE">TOWN_ID</attrlabl><attalias Sync="TRUE">TOWN_ID</attalias><attrtype Sync="TRUE">String</attrtype><attwidth Sync="TRUE">50</attwidth><atprecis Sync="TRUE">0</atprecis><attscale Sync="TRUE">0</attscale></attr><attr><attrlabl Sync="TRUE">HOUSE_NO</attrlabl><attalias Sync="TRUE">HOUSE_NO</attalias><attrtype Sync="TRUE">String</attrtype><attwidth Sync="TRUE">100</attwidth><atprecis Sync="TRUE">0</atprecis><attscale Sync="TRUE">0</attscale></attr><attr><attrlabl Sync="TRUE">BLOCK_</attrlabl><attalias Sync="TRUE">BLOCK_</attalias><attrtype Sync="TRUE">String</attrtype><attwidth Sync="TRUE">100</attwidth><atprecis Sync="TRUE">0</atprecis><attscale Sync="TRUE">0</attscale></attr><attr><attrlabl Sync="TRUE">TYPE</attrlabl><attalias Sync="TRUE">TYPE</attalias><attrtype Sync="TRUE">String</attrtype><attwidth Sync="TRUE">50</attwidth><atprecis Sync="TRUE">0</atprecis><attscale Sync="TRUE">0</attscale></attr><attr><attrlabl Sync="TRUE">ADDRESS</attrlabl><attalias Sync="TRUE">ADDRESS</attalias><attrtype Sync="TRUE">String</attrtype><attwidth Sync="TRUE">100</attwidth><atprecis Sync="TRUE">0</atprecis><attscale Sync="TRUE">0</attscale></attr><attr><attrlabl Sync="TRUE">AUTHORITY</attrlabl><attalias Sync="TRUE">AUTHORITY</attalias><attrtype Sync="TRUE">String</attrtype><attwidth Sync="TRUE">50</attwidth><atprecis Sync="TRUE">0</atprecis><attscale Sync="TRUE">0</attscale></attr><attr><attrlabl Sync="TRUE">CLASSIFICA</attrlabl><attalias Sync="TRUE">CLASSIFICA</attalias><attrtype Sync="TRUE">String</attrtype><attwidth Sync="TRUE">50</attwidth><atprecis Sync="TRUE">0</atprecis><attscale Sync="TRUE">0</attscale></attr><attr><attrlabl Sync="TRUE">CAPTURE_DA</attrlabl><attalias Sync="TRUE">CAPTURE_DA</attalias><attrtype Sync="TRUE">Date</attrtype><attwidth Sync="TRUE">8</attwidth><atprecis Sync="TRUE">0</atprecis><attscale Sync="TRUE">0</attscale></attr><attr><attrlabl Sync="TRUE">Shape_Leng</attrlabl><attalias Sync="TRUE">Shape_Leng</attalias><attrtype Sync="TRUE">Double</attrtype><attwidth Sync="TRUE">8</attwidth><atprecis Sync="TRUE">0</atprecis><attscale Sync="TRUE">0</attscale></attr><attr><attrlabl Sync="TRUE">REFNO1</attrlabl><attalias Sync="TRUE">REFNO1</attalias><attrtype Sync="TRUE">String</attrtype><attwidth Sync="TRUE">100</attwidth><atprecis Sync="TRUE">0</atprecis><attscale Sync="TRUE">0</attscale></attr><attr><attrlabl Sync="TRUE">REFNO2</attrlabl><attalias Sync="TRUE">REFNO2</attalias><attrtype Sync="TRUE">String</attrtype><attwidth Sync="TRUE">100</attwidth><atprecis Sync="TRUE">0</atprecis><attscale Sync="TRUE">0</attscale></attr><attr><attrlabl Sync="TRUE">REFNO3</attrlabl><attalias Sync="TRUE">REFNO3</attalias><attrtype Sync="TRUE">String</attrtype><attwidth Sync="TRUE">100</attwidth><atprecis Sync="TRUE">0</atprecis><attscale Sync="TRUE">0</attscale></attr><attr><attrlabl Sync="TRUE">REFNO4</attrlabl><attalias Sync="TRUE">REFNO4</attalias><attrtype Sync="TRUE">String</attrtype><attwidth Sync="TRUE">100</attwidth><atprecis Sync="TRUE">0</atprecis><attscale Sync="TRUE">0</attscale></attr><attr><attrlabl Sync="TRUE">REFNO5</attrlabl><attalias Sync="TRUE">REFNO5</attalias><attrtype Sync="TRUE">String</attrtype><attwidth Sync="TRUE">100</attwidth><atprecis Sync="TRUE">0</atprecis><attscale Sync="TRUE">0</attscale></attr><attr><attrlabl Sync="TRUE">REFNO6</attrlabl><attalias Sync="TRUE">REFNO6</attalias><attrtype Sync="TRUE">String</attrtype><attwidth Sync="TRUE">100</attwidth><atprecis Sync="TRUE">0</atprecis><attscale Sync="TRUE">0</attscale></attr><attr><attrlabl Sync="TRUE">REFNO8</attrlabl><attalias Sync="TRUE">REFNO8</attalias><attrtype Sync="TRUE">String</attrtype><attwidth Sync="TRUE">100</attwidth><atprecis Sync="TRUE">0</atprecis><attscale Sync="TRUE">0</attscale></attr><attr><attrlabl Sync="TRUE">REFNO9</attrlabl><attalias Sync="TRUE">REFNO9</attalias><attrtype Sync="TRUE">String</attrtype><attwidth Sync="TRUE">100</attwidth><atprecis Sync="TRUE">0</atprecis><attscale Sync="TRUE">0</attscale></attr><attr><attrlabl Sync="TRUE">REFNO7</attrlabl><attalias Sync="TRUE">REFNO7</attalias><attrtype Sync="TRUE">String</attrtype><attwidth Sync="TRUE">50</attwidth><atprecis Sync="TRUE">0</atprecis><attscale Sync="TRUE">0</attscale></attr><attr><attrlabl Sync="TRUE">REFNO10</attrlabl><attalias Sync="TRUE">REFNO10</attalias><attrtype Sync="TRUE">String</attrtype><attwidth Sync="TRUE">100</attwidth><atprecis Sync="TRUE">0</atprecis><attscale Sync="TRUE">0</attscale></attr><attr><attrlabl Sync="TRUE">RENO9</attrlabl><attalias Sync="TRUE">RENO9</attalias><attrtype Sync="TRUE">String</attrtype><attwidth Sync="TRUE">100</attwidth><atprecis Sync="TRUE">0</atprecis><attscale Sync="TRUE">0</attscale></attr><attr><attrlabl Sync="TRUE">REFNO11</attrlabl><attalias Sync="TRUE">REFNO11</attalias><attrtype Sync="TRUE">String</attrtype><attwidth Sync="TRUE">100</attwidth><atprecis Sync="TRUE">0</atprecis><attscale Sync="TRUE">0</attscale></attr><attr><attrlabl Sync="TRUE">path1</attrlabl><attalias Sync="TRUE">path1</attalias><attrtype Sync="TRUE">String</attrtype><attwidth Sync="TRUE">100</attwidth><atprecis Sync="TRUE">0</atprecis><attscale Sync="TRUE">0</attscale></attr><attr><attrlabl Sync="TRUE">path2</attrlabl><attalias Sync="TRUE">path2</attalias><attrtype Sync="TRUE">String</attrtype><attwidth Sync="TRUE">100</attwidth><atprecis Sync="TRUE">0</atprecis><attscale Sync="TRUE">0</attscale></attr><attr><attrlabl Sync="TRUE">path3</attrlabl><attalias Sync="TRUE">path3</attalias><attrtype Sync="TRUE">String</attrtype><attwidth Sync="TRUE">100</attwidth><atprecis Sync="TRUE">0</atprecis><attscale Sync="TRUE">0</attscale></attr><attr><attrlabl Sync="TRUE">path4</attrlabl><attalias Sync="TRUE">path4</attalias><attrtype Sync="TRUE">String</attrtype><attwidth Sync="TRUE">100</attwidth><atprecis Sync="TRUE">0</atprecis><attscale Sync="TRUE">0</attscale></attr><attr><attrlabl Sync="TRUE">path5</attrlabl><attalias Sync="TRUE">path5</attalias><attrtype Sync="TRUE">String</attrtype><attwidth Sync="TRUE">100</attwidth><atprecis Sync="TRUE">0</atprecis><attscale Sync="TRUE">0</attscale></attr><attr><attrlabl Sync="TRUE">path6</attrlabl><attalias Sync="TRUE">path6</attalias><attrtype Sync="TRUE">String</attrtype><attwidth Sync="TRUE">100</attwidth><atprecis Sync="TRUE">0</atprecis><attscale Sync="TRUE">0</attscale></attr><attr><attrlabl Sync="TRUE">path7</attrlabl><attalias Sync="TRUE">path7</attalias><attrtype Sync="TRUE">String</attrtype><attwidth Sync="TRUE">100</attwidth><atprecis Sync="TRUE">0</atprecis><attscale Sync="TRUE">0</attscale></attr><attr><attrlabl Sync="TRUE">path8</attrlabl><attalias Sync="TRUE">path8</attalias><attrtype Sync="TRUE">String</attrtype><attwidth Sync="TRUE">100</attwidth><atprecis Sync="TRUE">0</atprecis><attscale Sync="TRUE">0</attscale></attr><attr><attrlabl Sync="TRUE">path9</attrlabl><attalias Sync="TRUE">path9</attalias><attrtype Sync="TRUE">String</attrtype><attwidth Sync="TRUE">100</attwidth><atprecis Sync="TRUE">0</atprecis><attscale Sync="TRUE">0</attscale></attr><attr><attrlabl Sync="TRUE">REFNO12</attrlabl><attalias Sync="TRUE">REFNO12</attalias><attrtype Sync="TRUE">String</attrtype><attwidth Sync="TRUE">100</attwidth><atprecis Sync="TRUE">0</atprecis><attscale Sync="TRUE">0</attscale></attr><attr><attrlabl Sync="TRUE">REFNO13</attrlabl><attalias Sync="TRUE">REFNO13</attalias><attrtype Sync="TRUE">String</attrtype><attwidth Sync="TRUE">100</attwidth><atprecis Sync="TRUE">0</atprecis><attscale Sync="TRUE">0</attscale></attr><attr><attrlabl Sync="TRUE">REFNO14</attrlabl><attalias Sync="TRUE">REFNO14</attalias><attrtype Sync="TRUE">String</attrtype><attwidth Sync="TRUE">100</attwidth><atprecis Sync="TRUE">0</atprecis><attscale Sync="TRUE">0</attscale></attr><attr><attrlabl Sync="TRUE">REFNO15</attrlabl><attalias Sync="TRUE">REFNO15</attalias><attrtype Sync="TRUE">String</attrtype><attwidth Sync="TRUE">50</attwidth><atprecis Sync="TRUE">0</atprecis><attscale Sync="TRUE">0</attscale></attr><attr><attrlabl Sync="TRUE">REFNO16</attrlabl><attalias Sync="TRUE">REFNO16</attalias><attrtype Sync="TRUE">String</attrtype><attwidth Sync="TRUE">100</attwidth><atprecis Sync="TRUE">0</atprecis><attscale Sync="TRUE">0</attscale></attr><attr><attrlabl Sync="TRUE">REFNO17</attrlabl><attalias Sync="TRUE">REFNO17</attalias><attrtype Sync="TRUE">String</attrtype><attwidth Sync="TRUE">100</attwidth><atprecis Sync="TRUE">0</atprecis><attscale Sync="TRUE">0</attscale></attr><attr><attrlabl Sync="TRUE">REFNO18</attrlabl><attalias Sync="TRUE">REFNO18</attalias><attrtype Sync="TRUE">String</attrtype><attwidth Sync="TRUE">100</attwidth><atprecis Sync="TRUE">0</atprecis><attscale Sync="TRUE">0</attscale></attr><attr><attrlabl Sync="TRUE">REFNO19</attrlabl><attalias Sync="TRUE">REFNO19</attalias><attrtype Sync="TRUE">String</attrtype><attwidth Sync="TRUE">100</attwidth><atprecis Sync="TRUE">0</atprecis><attscale Sync="TRUE">0</attscale></attr><attr><attrlabl Sync="TRUE">REFNO20</attrlabl><attalias Sync="TRUE">REFNO20</attalias><attrtype Sync="TRUE">String</attrtype><attwidth Sync="TRUE">50</attwidth><atprecis Sync="TRUE">0</atprecis><attscale Sync="TRUE">0</attscale></attr><attr><attrlabl Sync="TRUE">REFNO21</attrlabl><attalias Sync="TRUE">REFNO21</attalias><attrtype Sync="TRUE">String</attrtype><attwidth Sync="TRUE">100</attwidth><atprecis Sync="TRUE">0</atprecis><attscale Sync="TRUE">0</attscale></attr><attr><attrlabl Sync="TRUE">REFNO22</attrlabl><attalias Sync="TRUE">REFNO22</attalias><attrtype Sync="TRUE">String</attrtype><attwidth Sync="TRUE">100</attwidth><atprecis Sync="TRUE">0</atprecis><attscale Sync="TRUE">0</attscale></attr><attr><attrlabl Sync="TRUE">REFNO23</attrlabl><attalias Sync="TRUE">REFNO23</attalias><attrtype Sync="TRUE">String</attrtype><attwidth Sync="TRUE">100</attwidth><atprecis Sync="TRUE">0</atprecis><attscale Sync="TRUE">0</attscale></attr><attr><attrlabl Sync="TRUE">REFNO24</attrlabl><attalias Sync="TRUE">REFNO24</attalias><attrtype Sync="TRUE">String</attrtype><attwidth Sync="TRUE">100</attwidth><atprecis Sync="TRUE">0</atprecis><attscale Sync="TRUE">0</attscale></attr><attr><attrlabl Sync="TRUE">REFNO25</attrlabl><attalias Sync="TRUE">REFNO25</attalias><attrtype Sync="TRUE">String</attrtype><attwidth Sync="TRUE">100</attwidth><atprecis Sync="TRUE">0</atprecis><attscale Sync="TRUE">0</attscale></attr><attr><attrlabl Sync="TRUE">REFNO28</attrlabl><attalias Sync="TRUE">REFNO28</attalias><attrtype Sync="TRUE">String</attrtype><attwidth Sync="TRUE">100</attwidth><atprecis Sync="TRUE">0</atprecis><attscale Sync="TRUE">0</attscale></attr><attr><attrlabl Sync="TRUE">REFNO27</attrlabl><attalias Sync="TRUE">REFNO27</attalias><attrtype Sync="TRUE">String</attrtype><attwidth Sync="TRUE">100</attwidth><atprecis Sync="TRUE">0</atprecis><attscale Sync="TRUE">0</attscale></attr><attr><attrlabl Sync="TRUE">REFNO26</attrlabl><attalias Sync="TRUE">REFNO26</attalias><attrtype Sync="TRUE">String</attrtype><attwidth Sync="TRUE">100</attwidth><atprecis Sync="TRUE">0</atprecis><attscale Sync="TRUE">0</attscale></attr><attr><attrlabl Sync="TRUE">REFNO29</attrlabl><attalias Sync="TRUE">REFNO29</attalias><attrtype Sync="TRUE">String</attrtype><attwidth Sync="TRUE">100</attwidth><atprecis Sync="TRUE">0</atprecis><attscale Sync="TRUE">0</attscale></attr><attr><attrlabl Sync="TRUE">REFNO30</attrlabl><attalias Sync="TRUE">REFNO30</attalias><attrtype Sync="TRUE">String</attrtype><attwidth Sync="TRUE">100</attwidth><atprecis Sync="TRUE">0</atprecis><attscale Sync="TRUE">0</attscale></attr><attr><attrlabl Sync="TRUE">REFNO31</attrlabl><attalias Sync="TRUE">REFNO31</attalias><attrtype Sync="TRUE">String</attrtype><attwidth Sync="TRUE">100</attwidth><atprecis Sync="TRUE">0</atprecis><attscale Sync="TRUE">0</attscale></attr><attr><attrlabl Sync="TRUE">REFNO32</attrlabl><attalias Sync="TRUE">REFNO32</attalias><attrtype Sync="TRUE">String</attrtype><attwidth Sync="TRUE">100</attwidth><atprecis Sync="TRUE">0</atprecis><attscale Sync="TRUE">0</attscale></attr><attr><attrlabl Sync="TRUE">REFNO33</attrlabl><attalias Sync="TRUE">REFNO33</attalias><attrtype Sync="TRUE">String</attrtype><attwidth Sync="TRUE">100</attwidth><atprecis Sync="TRUE">0</atprecis><attscale Sync="TRUE">0</attscale></attr><attr><attrlabl Sync="TRUE">REFNO34</attrlabl><attalias Sync="TRUE">REFNO34</attalias><attrtype Sync="TRUE">String</attrtype><attwidth Sync="TRUE">100</attwidth><atprecis Sync="TRUE">0</atprecis><attscale Sync="TRUE">0</attscale></attr><attr><attrlabl Sync="TRUE">REFNO35</attrlabl><attalias Sync="TRUE">REFNO35</attalias><attrtype Sync="TRUE">String</attrtype><attwidth Sync="TRUE">100</attwidth><atprecis Sync="TRUE">0</atprecis><attscale Sync="TRUE">0</attscale></attr><attr><attrlabl Sync="TRUE">REFNO36</attrlabl><attalias Sync="TRUE">REFNO36</attalias><attrtype Sync="TRUE">String</attrtype><attwidth Sync="TRUE">100</attwidth><atprecis Sync="TRUE">0</atprecis><attscale Sync="TRUE">0</attscale></attr><attr><attrlabl Sync="TRUE">REFNO37</attrlabl><attalias Sync="TRUE">REFNO37</attalias><attrtype Sync="TRUE">String</attrtype><attwidth Sync="TRUE">100</attwidth><atprecis Sync="TRUE">0</atprecis><attscale Sync="TRUE">0</attscale></attr><attr><attrlabl Sync="TRUE">REFNO38</attrlabl><attalias Sync="TRUE">REFNO38</attalias><attrtype Sync="TRUE">String</attrtype><attwidth Sync="TRUE">100</attwidth><atprecis Sync="TRUE">0</atprecis><attscale Sync="TRUE">0</attscale></attr><attr><attrlabl Sync="TRUE">REFNO39</attrlabl><attalias Sync="TRUE">REFNO39</attalias><attrtype Sync="TRUE">String</attrtype><attwidth Sync="TRUE">100</attwidth><atprecis Sync="TRUE">0</atprecis><attscale Sync="TRUE">0</attscale></attr><attr><attrlabl Sync="TRUE">REFNO40</attrlabl><attalias Sync="TRUE">REFNO40</attalias><attrtype Sync="TRUE">String</attrtype><attwidth Sync="TRUE">100</attwidth><atprecis Sync="TRUE">0</atprecis><attscale Sync="TRUE">0</attscale></attr><attr><attrlabl Sync="TRUE">REFNO41</attrlabl><attalias Sync="TRUE">REFNO41</attalias><attrtype Sync="TRUE">String</attrtype><attwidth Sync="TRUE">100</attwidth><atprecis Sync="TRUE">0</atprecis><attscale Sync="TRUE">0</attscale></attr><attr><attrlabl Sync="TRUE">REFNO42</attrlabl><attalias Sync="TRUE">REFNO42</attalias><attrtype Sync="TRUE">String</attrtype><attwidth Sync="TRUE">100</attwidth><atprecis Sync="TRUE">0</atprecis><attscale Sync="TRUE">0</attscale></attr><attr><attrlabl Sync="TRUE">REFNO43</attrlabl><attalias Sync="TRUE">REFNO43</attalias><attrtype Sync="TRUE">String</attrtype><attwidth Sync="TRUE">100</attwidth><atprecis Sync="TRUE">0</atprecis><attscale Sync="TRUE">0</attscale></attr><attr><attrlabl Sync="TRUE">REFNO44</attrlabl><attalias Sync="TRUE">REFNO44</attalias><attrtype Sync="TRUE">String</attrtype><attwidth Sync="TRUE">100</attwidth><atprecis Sync="TRUE">0</atprecis><attscale Sync="TRUE">0</attscale></attr><attr><attrlabl Sync="TRUE">REFNO45</attrlabl><attalias Sync="TRUE">REFNO45</attalias><attrtype Sync="TRUE">String</attrtype><attwidth Sync="TRUE">100</attwidth><atprecis Sync="TRUE">0</atprecis><attscale Sync="TRUE">0</attscale></attr><attr><attrlabl Sync="TRUE">REFNO46</attrlabl><attalias Sync="TRUE">REFNO46</attalias><attrtype Sync="TRUE">String</attrtype><attwidth Sync="TRUE">100</attwidth><atprecis Sync="TRUE">0</atprecis><attscale Sync="TRUE">0</attscale></attr><attr><attrlabl Sync="TRUE">REFNO47</attrlabl><attalias Sync="TRUE">REFNO47</attalias><attrtype Sync="TRUE">String</attrtype><attwidth Sync="TRUE">100</attwidth><atprecis Sync="TRUE">0</atprecis><attscale Sync="TRUE">0</attscale></attr><attr><attrlabl Sync="TRUE">REFNO48</attrlabl><attalias Sync="TRUE">REFNO48</attalias><attrtype Sync="TRUE">String</attrtype><attwidth Sync="TRUE">100</attwidth><atprecis Sync="TRUE">0</atprecis><attscale Sync="TRUE">0</attscale></attr><attr><attrlabl Sync="TRUE">REFNO49</attrlabl><attalias Sync="TRUE">REFNO49</attalias><attrtype Sync="TRUE">String</attrtype><attwidth Sync="TRUE">100</attwidth><atprecis Sync="TRUE">0</atprecis><attscale Sync="TRUE">0</attscale></attr><attr><attrlabl Sync="TRUE">REFNO50</attrlabl><attalias Sync="TRUE">REFNO50</attalias><attrtype Sync="TRUE">String</attrtype><attwidth Sync="TRUE">100</attwidth><atprecis Sync="TRUE">0</atprecis><attscale Sync="TRUE">0</attscale></attr><attr><attrlabl Sync="TRUE">REFNO51</attrlabl><attalias Sync="TRUE">REFNO51</attalias><attrtype Sync="TRUE">String</attrtype><attwidth Sync="TRUE">100</attwidth><atprecis Sync="TRUE">0</atprecis><attscale Sync="TRUE">0</attscale></attr><attr><attrlabl Sync="TRUE">REFNO52</attrlabl><attalias Sync="TRUE">REFNO52</attalias><attrtype Sync="TRUE">String</attrtype><attwidth Sync="TRUE">100</attwidth><atprecis Sync="TRUE">0</atprecis><attscale Sync="TRUE">0</attscale></attr><attr><attrlabl Sync="TRUE">REFNO53</attrlabl><attalias Sync="TRUE">REFNO53</attalias><attrtype Sync="TRUE">String</attrtype><attwidth Sync="TRUE">100</attwidth><atprecis Sync="TRUE">0</atprecis><attscale Sync="TRUE">0</attscale></attr><attr><attrlabl Sync="TRUE">REFNO54</attrlabl><attalias Sync="TRUE">REFNO54</attalias><attrtype Sync="TRUE">String</attrtype><attwidth Sync="TRUE">100</attwidth><atprecis Sync="TRUE">0</atprecis><attscale Sync="TRUE">0</attscale></attr><attr><attrlabl Sync="TRUE">REFNO55</attrlabl><attalias Sync="TRUE">REFNO55</attalias><attrtype Sync="TRUE">String</attrtype><attwidth Sync="TRUE">100</attwidth><atprecis Sync="TRUE">0</atprecis><attscale Sync="TRUE">0</attscale></attr><attr><attrlabl Sync="TRUE">REFNO56</attrlabl><attalias Sync="TRUE">REFNO56</attalias><attrtype Sync="TRUE">String</attrtype><attwidth Sync="TRUE">100</attwidth><atprecis Sync="TRUE">0</atprecis><attscale Sync="TRUE">0</attscale></attr><attr><attrlabl Sync="TRUE">REFNO57</attrlabl><attalias Sync="TRUE">REFNO57</attalias><attrtype Sync="TRUE">String</attrtype><attwidth Sync="TRUE">100</attwidth><atprecis Sync="TRUE">0</atprecis><attscale Sync="TRUE">0</attscale></attr><attr><attrlabl Sync="TRUE">REFNO58</attrlabl><attalias Sync="TRUE">REFNO58</attalias><attrtype Sync="TRUE">String</attrtype><attwidth Sync="TRUE">100</attwidth><atprecis Sync="TRUE">0</atprecis><attscale Sync="TRUE">0</attscale></attr><attr><attrlabl Sync="TRUE">REFNO59</attrlabl><attalias Sync="TRUE">REFNO59</attalias><attrtype Sync="TRUE">String</attrtype><attwidth Sync="TRUE">100</attwidth><atprecis Sync="TRUE">0</atprecis><attscale Sync="TRUE">0</attscale></attr><attr><attrlabl Sync="TRUE">REFNO60</attrlabl><attalias Sync="TRUE">REFNO60</attalias><attrtype Sync="TRUE">String</attrtype><attwidth Sync="TRUE">100</attwidth><atprecis Sync="TRUE">0</atprecis><attscale Sync="TRUE">0</attscale></attr><attr><attrlabl Sync="TRUE">REFNO61</attrlabl><attalias Sync="TRUE">REFNO61</attalias><attrtype Sync="TRUE">String</attrtype><attwidth Sync="TRUE">100</attwidth><atprecis Sync="TRUE">0</atprecis><attscale Sync="TRUE">0</attscale></attr><attr><attrlabl Sync="TRUE">REFNO62</attrlabl><attalias Sync="TRUE">REFNO62</attalias><attrtype Sync="TRUE">String</attrtype><attwidth Sync="TRUE">100</attwidth><atprecis Sync="TRUE">0</atprecis><attscale Sync="TRUE">0</attscale></attr><attr><attrlabl Sync="TRUE">REFNO63</attrlabl><attalias Sync="TRUE">REFNO63</attalias><attrtype Sync="TRUE">String</attrtype><attwidth Sync="TRUE">100</attwidth><atprecis Sync="TRUE">0</atprecis><attscale Sync="TRUE">0</attscale></attr><attr><attrlabl Sync="TRUE">REFNO64</attrlabl><attalias Sync="TRUE">REFNO64</attalias><attrtype Sync="TRUE">String</attrtype><attwidth Sync="TRUE">100</attwidth><atprecis Sync="TRUE">0</atprecis><attscale Sync="TRUE">0</attscale></attr><attr><attrlabl Sync="TRUE">REFNO65</attrlabl><attalias Sync="TRUE">REFNO65</attalias><attrtype Sync="TRUE">String</attrtype><attwidth Sync="TRUE">100</attwidth><atprecis Sync="TRUE">0</atprecis><attscale Sync="TRUE">0</attscale></attr><attr><attrlabl Sync="TRUE">REFNO66</attrlabl><attalias Sync="TRUE">REFNO66</attalias><attrtype Sync="TRUE">String</attrtype><attwidth Sync="TRUE">100</attwidth><atprecis Sync="TRUE">0</atprecis><attscale Sync="TRUE">0</attscale></attr><attr><attrlabl Sync="TRUE">REFNO67</attrlabl><attalias Sync="TRUE">REFNO67</attalias><attrtype Sync="TRUE">String</attrtype><attwidth Sync="TRUE">100</attwidth><atprecis Sync="TRUE">0</atprecis><attscale Sync="TRUE">0</attscale></attr><attr><attrlabl Sync="TRUE">REFNO68</attrlabl><attalias Sync="TRUE">REFNO68</attalias><attrtype Sync="TRUE">String</attrtype><attwidth Sync="TRUE">100</attwidth><atprecis Sync="TRUE">0</atprecis><attscale Sync="TRUE">0</attscale></attr><attr><attrlabl Sync="TRUE">REFNO69</attrlabl><attalias Sync="TRUE">REFNO69</attalias><attrtype Sync="TRUE">String</attrtype><attwidth Sync="TRUE">100</attwidth><atprecis Sync="TRUE">0</atprecis><attscale Sync="TRUE">0</attscale></attr><attr><attrlabl Sync="TRUE">REFNO70</attrlabl><attalias Sync="TRUE">REFNO70</attalias><attrtype Sync="TRUE">String</attrtype><attwidth Sync="TRUE">100</attwidth><atprecis Sync="TRUE">0</atprecis><attscale Sync="TRUE">0</attscale></attr><attr><attrlabl Sync="TRUE">REFNO71</attrlabl><attalias Sync="TRUE">REFNO71</attalias><attrtype Sync="TRUE">String</attrtype><attwidth Sync="TRUE">100</attwidth><atprecis Sync="TRUE">0</atprecis><attscale Sync="TRUE">0</attscale></attr><attr><attrlabl Sync="TRUE">REFNO72</attrlabl><attalias Sync="TRUE">REFNO72</attalias><attrtype Sync="TRUE">String</attrtype><attwidth Sync="TRUE">100</attwidth><atprecis Sync="TRUE">0</atprecis><attscale Sync="TRUE">0</attscale></attr><attr><attrlabl Sync="TRUE">REFNO73</attrlabl><attalias Sync="TRUE">REFNO73</attalias><attrtype Sync="TRUE">String</attrtype><attwidth Sync="TRUE">100</attwidth><atprecis Sync="TRUE">0</atprecis><attscale Sync="TRUE">0</attscale></attr><attr><attrlabl Sync="TRUE">REFNO74</attrlabl><attalias Sync="TRUE">REFNO74</attalias><attrtype Sync="TRUE">String</attrtype><attwidth Sync="TRUE">100</attwidth><atprecis Sync="TRUE">0</atprecis><attscale Sync="TRUE">0</attscale></attr><attr><attrlabl Sync="TRUE">REFNO75</attrlabl><attalias Sync="TRUE">REFNO75</attalias><attrtype Sync="TRUE">String</attrtype><attwidth Sync="TRUE">100</attwidth><atprecis Sync="TRUE">0</atprecis><attscale Sync="TRUE">0</attscale></attr><attr><attrlabl Sync="TRUE">REFNO76</attrlabl><attalias Sync="TRUE">REFNO76</attalias><attrtype Sync="TRUE">String</attrtype><attwidth Sync="TRUE">100</attwidth><atprecis Sync="TRUE">0</atprecis><attscale Sync="TRUE">0</attscale></attr><attr><attrlabl Sync="TRUE">REFNO77</attrlabl><attalias Sync="TRUE">REFNO77</attalias><attrtype Sync="TRUE">String</attrtype><attwidth Sync="TRUE">100</attwidth><atprecis Sync="TRUE">0</atprecis><attscale Sync="TRUE">0</attscale></attr><attr><attrlabl Sync="TRUE">REFNO78</attrlabl><attalias Sync="TRUE">REFNO78</attalias><attrtype Sync="TRUE">String</attrtype><attwidth Sync="TRUE">100</attwidth><atprecis Sync="TRUE">0</atprecis><attscale Sync="TRUE">0</attscale></attr><attr><attrlabl Sync="TRUE">REFNO79</attrlabl><attalias Sync="TRUE">REFNO79</attalias><attrtype Sync="TRUE">String</attrtype><attwidth Sync="TRUE">100</attwidth><atprecis Sync="TRUE">0</atprecis><attscale Sync="TRUE">0</attscale></attr><attr><attrlabl Sync="TRUE">REFNO80</attrlabl><attalias Sync="TRUE">REFNO80</attalias><attrtype Sync="TRUE">String</attrtype><attwidth Sync="TRUE">100</attwidth><atprecis Sync="TRUE">0</atprecis><attscale Sync="TRUE">0</attscale></attr><attr><attrlabl Sync="TRUE">REFNO81</attrlabl><attalias Sync="TRUE">REFNO81</attalias><attrtype Sync="TRUE">String</attrtype><attwidth Sync="TRUE">100</attwidth><atprecis Sync="TRUE">0</atprecis><attscale Sync="TRUE">0</attscale></attr><attr><attrlabl Sync="TRUE">REFNO82</attrlabl><attalias Sync="TRUE">REFNO82</attalias><attrtype Sync="TRUE">String</attrtype><attwidth Sync="TRUE">100</attwidth><atprecis Sync="TRUE">0</atprecis><attscale Sync="TRUE">0</attscale></attr><attr><attrlabl Sync="TRUE">REFNO83</attrlabl><attalias Sync="TRUE">REFNO83</attalias><attrtype Sync="TRUE">String</attrtype><attwidth Sync="TRUE">100</attwidth><atprecis Sync="TRUE">0</atprecis><attscale Sync="TRUE">0</attscale></attr><attr><attrlabl Sync="TRUE">REFNO84</attrlabl><attalias Sync="TRUE">REFNO84</attalias><attrtype Sync="TRUE">String</attrtype><attwidth Sync="TRUE">100</attwidth><atprecis Sync="TRUE">0</atprecis><attscale Sync="TRUE">0</attscale></attr><attr><attrlabl Sync="TRUE">REFNO86</attrlabl><attalias Sync="TRUE">REFNO86</attalias><attrtype Sync="TRUE">String</attrtype><attwidth Sync="TRUE">100</attwidth><atprecis Sync="TRUE">0</atprecis><attscale Sync="TRUE">0</attscale></attr><attr><attrlabl Sync="TRUE">REFNO85</attrlabl><attalias Sync="TRUE">REFNO85</attalias><attrtype Sync="TRUE">String</attrtype><attwidth Sync="TRUE">100</attwidth><atprecis Sync="TRUE">0</atprecis><attscale Sync="TRUE">0</attscale></attr><attr><attrlabl Sync="TRUE">REFNO87</attrlabl><attalias Sync="TRUE">REFNO87</attalias><attrtype Sync="TRUE">String</attrtype><attwidth Sync="TRUE">100</attwidth><atprecis Sync="TRUE">0</atprecis><attscale Sync="TRUE">0</attscale></attr><attr><attrlabl Sync="TRUE">REFNO88</attrlabl><attalias Sync="TRUE">REFNO88</attalias><attrtype Sync="TRUE">String</attrtype><attwidth Sync="TRUE">100</attwidth><atprecis Sync="TRUE">0</atprecis><attscale Sync="TRUE">0</attscale></attr><attr><attrlabl Sync="TRUE">REFNO89</attrlabl><attalias Sync="TRUE">REFNO89</attalias><attrtype Sync="TRUE">String</attrtype><attwidth Sync="TRUE">90</attwidth><atprecis Sync="TRUE">0</atprecis><attscale Sync="TRUE">0</attscale></attr><attr><attrlabl Sync="TRUE">REFNO90</attrlabl><attalias Sync="TRUE">REFNO90</attalias><attrtype Sync="TRUE">String</attrtype><attwidth Sync="TRUE">100</attwidth><atprecis Sync="TRUE">0</atprecis><attscale Sync="TRUE">0</attscale></attr><attr><attrlabl Sync="TRUE">REFNO91</attrlabl><attalias Sync="TRUE">REFNO91</attalias><attrtype Sync="TRUE">String</attrtype><attwidth Sync="TRUE">100</attwidth><atprecis Sync="TRUE">0</atprecis><attscale Sync="TRUE">0</attscale></attr><attr><attrlabl Sync="TRUE">REFNO92</attrlabl><attalias Sync="TRUE">REFNO92</attalias><attrtype Sync="TRUE">String</attrtype><attwidth Sync="TRUE">100</attwidth><atprecis Sync="TRUE">0</atprecis><attscale Sync="TRUE">0</attscale></attr><attr><attrlabl Sync="TRUE">REFNO93</attrlabl><attalias Sync="TRUE">REFNO93</attalias><attrtype Sync="TRUE">String</attrtype><attwidth Sync="TRUE">100</attwidth><atprecis Sync="TRUE">0</atprecis><attscale Sync="TRUE">0</attscale></attr><attr><attrlabl Sync="TRUE">REFNO94</attrlabl><attalias Sync="TRUE">REFNO94</attalias><attrtype Sync="TRUE">String</attrtype><attwidth Sync="TRUE">100</attwidth><atprecis Sync="TRUE">0</atprecis><attscale Sync="TRUE">0</attscale></attr><attr><attrlabl Sync="TRUE">REFNO95</attrlabl><attalias Sync="TRUE">REFNO95</attalias><attrtype Sync="TRUE">String</attrtype><attwidth Sync="TRUE">100</attwidth><atprecis Sync="TRUE">0</atprecis><attscale Sync="TRUE">0</attscale></attr><attr><attrlabl Sync="TRUE">REFNO96</attrlabl><attalias Sync="TRUE">REFNO96</attalias><attrtype Sync="TRUE">String</attrtype><attwidth Sync="TRUE">100</attwidth><atprecis Sync="TRUE">0</atprecis><attscale Sync="TRUE">0</attscale></attr><attr><attrlabl Sync="TRUE">REFNO97</attrlabl><attalias Sync="TRUE">REFNO97</attalias><attrtype Sync="TRUE">String</attrtype><attwidth Sync="TRUE">100</attwidth><atprecis Sync="TRUE">0</atprecis><attscale Sync="TRUE">0</attscale></attr><attr><attrlabl Sync="TRUE">REFNO98</attrlabl><attalias Sync="TRUE">REFNO98</attalias><attrtype Sync="TRUE">String</attrtype><attwidth Sync="TRUE">100</attwidth><atprecis Sync="TRUE">0</atprecis><attscale Sync="TRUE">0</attscale></attr><attr><attrlabl Sync="TRUE">REFNO99</attrlabl><attalias Sync="TRUE">REFNO99</attalias><attrtype Sync="TRUE">String</attrtype><attwidth Sync="TRUE">100</attwidth><atprecis Sync="TRUE">0</atprecis><attscale Sync="TRUE">0</attscale></attr><attr><attrlabl Sync="TRUE">REFNO100</attrlabl><attalias Sync="TRUE">REFNO100</attalias><attrtype Sync="TRUE">String</attrtype><attwidth Sync="TRUE">100</attwidth><atprecis Sync="TRUE">0</atprecis><attscale Sync="TRUE">0</attscale></attr><attr><attrlabl Sync="TRUE">REFNO101</attrlabl><attalias Sync="TRUE">REFNO101</attalias><attrtype Sync="TRUE">String</attrtype><attwidth Sync="TRUE">100</attwidth><atprecis Sync="TRUE">0</atprecis><attscale Sync="TRUE">0</attscale></attr><attr><attrlabl Sync="TRUE">REFNO102</attrlabl><attalias Sync="TRUE">REFNO102</attalias><attrtype Sync="TRUE">String</attrtype><attwidth Sync="TRUE">100</attwidth><atprecis Sync="TRUE">0</atprecis><attscale Sync="TRUE">0</attscale></attr><attr><attrlabl Sync="TRUE">REFNO103</attrlabl><attalias Sync="TRUE">REFNO103</attalias><attrtype Sync="TRUE">String</attrtype><attwidth Sync="TRUE">100</attwidth><atprecis Sync="TRUE">0</atprecis><attscale Sync="TRUE">0</attscale></attr><attr><attrlabl Sync="TRUE">path10</attrlabl><attalias Sync="TRUE">path10</attalias><attrtype Sync="TRUE">String</attrtype><attwidth Sync="TRUE">100</attwidth><atprecis Sync="TRUE">0</atprecis><attscale Sync="TRUE">0</attscale></attr><attr><attrlabl Sync="TRUE">path11</attrlabl><attalias Sync="TRUE">path11</attalias><attrtype Sync="TRUE">String</attrtype><attwidth Sync="TRUE">100</attwidth><atprecis Sync="TRUE">0</atprecis><attscale Sync="TRUE">0</attscale></attr><attr><attrlabl Sync="TRUE">Shape_Length</attrlabl><attalias Sync="TRUE">Shape_Length</attalias><attrtype Sync="TRUE">Double</attrtype><attwidth Sync="TRUE">8</attwidth><atprecis Sync="TRUE">0</atprecis><attscale Sync="TRUE">0</attscale><attrdef Sync="TRUE">Length of feature in internal units.</attrdef><attrdefs Sync="TRUE">ESRI</attrdefs><attrdomv><udom Sync="TRUE">Positive real numbers that are automatically generated.</udom></attrdomv></attr><attr><attrlabl Sync="TRUE">Shape_Area</attrlabl><attalias Sync="TRUE">Shape_Area</attalias><attrtype Sync="TRUE">Double</attrtype><attwidth Sync="TRUE">8</attwidth><atprecis Sync="TRUE">0</atprecis><attscale Sync="TRUE">0</attscale><attrdef Sync="TRUE">Area of feature in internal units squared.</attrdef><attrdefs Sync="TRUE">ESRI</attrdefs><attrdomv><udom Sync="TRUE">Positive real numbers that are automatically generated.</udom></attrdomv></attr></detailed></eainfo><mdDateSt Sync="TRUE">20100618</mdDateSt></metadata>
